label,nama,objectid,fid2,nama2,jenis,statusjln,nama_provinsi,nama_kabupaten,keterangan,dampak,status1,penanganan,target_selesai,bailey,latitude,longitude,baseline_sumber
Lambaro - Batas Pidie,e3ef5934-60f7-4d27-bd06-88123bbca40b,19,43,Lambaro - Batas Pidie,Jalan,Nasional,Aceh,Aceh Besar,Banjir,Gangguan akses lalu lintas kendaraan,Dapat Diakses,Sudah ditangani,,,5.368876999999998,95.56527900000003,BNPB/PU
Bts. Bireuen/Aceh Utara – Bts. Kota Lhokseumawe/Bts. Aceh Utara,016757d7-ad83-4104-8067-88d107fc17a2,20,46,Bts. Bireuen/Aceh Utara – Bts. Kota Lhokseumawe/Bts. Aceh Utara,Jalan,Nasional,Aceh,Bireuen,Banjir,Gangguan akses lalu lintas kendaraan,Dapat Diakses,Menutup sementara jalan yang tidak bisa dilalui oleh kendaraan,,,5.254072069000017,96.93818385200001,BNPB/PU
Bts. Aceh Utara/Lhokseumawe - Sp. Cunda,8e201848-2857-4ccc-90c8-5ecf0b279806,21,47,Bts. Aceh Utara/Lhokseumawe - Sp. Cunda,Jalan,Nasional,Aceh,Kota Lhokseumawe,Banjir,Gangguan akses lalu lintas kendaraan,Dapat Diakses,Menutup sementara jalan yang tidak bisa dilalui oleh kendaraan,,,5.211816892000002,97.06876668000001,BNPB/PU
Bts. Kota Lhokseumawe/Aceh Utara – Lhoksukon,0bf11b6a-7b08-4f0e-94bf-0f56148afc34,22,49,Bts. Kota Lhokseumawe/Aceh Utara – Lhoksukon,Jalan,Nasional,Aceh,Aceh Utara,Banjir,Gangguan akses lalu lintas kendaraan,Dapat Diakses,Menutup sementara jalan yang tidak bisa dilalui oleh kendaraan,,,5.041264000000012,97.32233300000001,BNPB/PU
Bts. Kota Langsa/Aceh Timur – Kota Langsa,2057b7c1-f312-4854-8f33-c5152b86a890,23,54,Bts. Kota Langsa/Aceh Timur – Kota Langsa,Jalan,Nasional,Aceh,Kota Langsa,Banjir,Gangguan akses lalu lintas kendaraan,Dapat Diakses,Menutup sementara jalan yang tidak bisa dilalui oleh kendaraan,,,4.511745175000044,97.94582502800006,BNPB/PU
"Kota Kuala Simpang – Bts. Provinsi Sumut, Kuala Simpang Aceh",8626fa62-1056-4a9f-8a0c-a2f76e9add44,24,53,"Kota Kuala Simpang – Bts. Provinsi Sumut, Kuala Simpang Aceh",Jalan,Nasional,Aceh,Aceh Tamiang,Tanah Longsor,Gangguan akses lalu lintas kendaraan,Dapat Diakses,Menutup sementara jalan yang tidak  bisa dilalui oleh kendaraan,,,4.280776862000039,98.05696841100001,BNPB/PU
Calang – Bts. Aceh Jaya/Aceh Barat,5fb18748-6edb-4dd5-9c02-a8bc7803b9d3,25,57,Calang – Bts. Aceh Jaya/Aceh Barat,Jalan,Nasional,Aceh,Aceh Jaya,Tanah Longsor,Gangguan akses lalu lintas kendaraan mengalami kemacetan,Dapat Diakses,Memasang rambu-rambu di sekitar lokasi dan sedang dilakukan pembersihan material longsor,,,4.616493984000044,95.61638910300002,BNPB/PU
Bts. Aceh Jaya/Aceh Barat – Bts. Kota Meulaboh,41e31d09-5d1d-449e-950e-72ea1624610e,26,58,Bts. Aceh Jaya/Aceh Barat – Bts. Kota Meulaboh,Jalan,Nasional,Aceh,Aceh Barat,Banjir,Gangguan akses lalu lintas kendaraan mengalami kemacetan,Dapat Diakses,Pembersihan sedimen,,,4.179678433000049,96.10530706300005,BNPB/PU
Tapaktuan – Bakongan,bc3a180f-89d3-440d-a9f6-96e865bc5db8,27,60,Tapaktuan – Bakongan,Jalan,Nasional,Aceh,Aceh Selatan,Tanah Longsor,Gangguan akses lalu lintas kendaraan sementara (saat ini sudah aman dan Lancar),Dapat Diakses,Pembersihan Sendimen Lumpur sisa banjir pada badan Jalan,,,3.0882400000000416,97.33045100000004,BNPB/PU
Bakongan (Km 510) -  Bts. Aceh Selatan/Subulussalam,9aecd84e-d3e7-4853-a9b5-c747b488ead7,28,61,Bakongan (Km 510) -  Bts. Aceh Selatan/Subulussalam,Jalan,Nasional,Aceh,Kota Subulussalam,Banjir,Gangguan akses lalu lintas kendaraan,Dapat Diakses,"Memasang rambu-rambu di sekitar lokasi, sudah ditangani dan kendaraan sudah bisa melintas",,,2.847778973000004,97.82453208300001,BNPB/PU
Krueng Luas (Km 560) – Kota Subulussalam,b15f675c-cd11-443f-965a-aa0330e64214,29,62,Krueng Luas (Km 560) – Kota Subulussalam,Jalan,Nasional,Aceh,Kota Subulussalam,Banjir,Gangguan akses lalu lintas kendaraan,Dapat Diakses,Sudah ditanganin,,,2.7333380000000034,97.96113500000001,BNPB/PU
Ruas Jalan Bts. Subulussalam/Aceh Singkil – Lipat Kajang,1924669c-d9ad-4cb7-979f-eb043a357000,30,64,Ruas Jalan Bts. Subulussalam/Aceh Singkil – Lipat Kajang,Jalan,Nasional,Aceh,Aceh Singkil,Banjir,Saat ini air sudah surut jalan sudah bisa dilewati kendaraan dari kedua arah dengan tetap hati-hati,Dapat Diakses,Pemasangan Rambu Peringatan Rawan Banjir dan pengamanan arus lalu lintas oleh petugas,,,2.448888385000032,97.99868115700002,BNPB/PU
Kota Subulussalam – Bts. Prov. Sumut,712c14b9-1cf0-40e3-8040-da2657d9b4c7,31,63,Kota Subulussalam – Bts. Prov. Sumut,Jalan,Nasional,Aceh,Kota Subulussalam,Tanah Longsor,Gangguan akses lalu lintas kendaraan,Dapat Diakses,Pemasangan Rambu Peringatan Rawan Banjir dan pengamanan arus lalu lintas oleh petugas,,,2.624158798000053,98.03318873600006,BNPB/PU
Bts. Aceh Tengah/Nagan Raya - Lhok Seumot - Jeuram,c1a64bff-d99b-47d9-8ad7-0992f6f7e375,32,69,Bts. Aceh Tengah/Nagan Raya - Lhok Seumot - Jeuram,Jalan,Nasional,Aceh,Nagan Raya,Tanah Longsor,Badan jalan amblas (akses terputus),Dapat Diakses,"Memasang rambu-rambu di sekitar lokasi, sudah ditangani dan kendaraan sudah bisa melintas",,,4.256816264999998,96.42008812400002,BNPB/PU
Genting Gerbang – Celala – Bts. Aceh Tengah/Nagan Raya,e8421c6e-32fd-469f-9f18-2272500855a7,33,70,Genting Gerbang – Celala – Bts. Aceh Tengah/Nagan Raya,Jalan,Nasional,Aceh,Nagan Raya,Tanah Longsor,Gangguan akses lalu lintas yang menutupi badan jalan,Dapat Diakses,Memasang rambu dan menutup sementara akses jalan dari Kab. Nagan Raya ke Kab. Aceh Tengah,1/20/2026,,4.526202108000007,96.66084222100005,BNPB/PU
Keumala – Geumpang,9928f873-402c-4e42-b962-9dabd8accaf4,34,65,Keumala – Geumpang,Jalan,Nasional,Aceh,Pidie,Tanah Longsor,Badan jalan amblas,Dapat Diakses,Memasang rambu dan menutup sementara akses jalan dari Kab. Aceh Tengah ke Kab. Nagan Raya dan sebaliknya.,,,4.969108000000006,95.96007200000003,BNPB/PU
Geumpang – Pameue,0b4e287e-7c55-43bc-97c0-6b10fbf3b487,35,66,Geumpang – Pameue,Jalan,Nasional,Aceh,Aceh Tengah,Tanah Longsor,Material longsoran dan pohon tumbang menutupi badan jalan,Dapat Diakses,Memasang rambu-rambu di sekitar lokasi dan sedang dilakukan pembersihan material longsor,,,4.694907689000047,96.498013678,BNPB/PU
Pameue – Genting Gerbang,a10d74ab-93fe-46d6-aa94-2fe74cbc84c8,36,74,Pameue – Genting Gerbang,Jalan,Nasional,Aceh,Aceh Tengah,Tanah Longsor,Badan jalan amblas,Dapat Diakses,Sudah dilakukan pembersihan dan akses lalu lintas sudah dapat dilalui,1/20/2026,,4.6763650000000325,96.56515100000001,BNPB/PU
Sp. Uning (Bts. Kota Takengon) – Uwaq (Km 379),88e21234-64ac-4229-9067-6c14449d66e2,37,75,Sp. Uning (Bts. Kota Takengon) – Uwaq (Km 379),Jalan,Nasional,Aceh,Aceh Tengah,Tanah Longsor,Material longsoran menutupi badan jalan,Dapat Diakses,Penggunaan Jembatan Bailey dengan bentang 40 M,1/20/2026,Terpasang,4.615544999999997,96.81701300000003,BNPB/PU
Bts. Aceh Tengah/Gayo Lues – Blangkejeren (N.022),1f7a15a8-1573-4aae-95c7-c8f9aba9dd3e,38,77,Bts. Aceh Tengah/Gayo Lues – Blangkejeren (N.022),Jalan,Nasional,Aceh,Aceh Tengah,Tanah Longsor,Akses lalu lintas lumpuh total karena tinggi air mencapai 70 cm.,Dapat Diakses,Memasang rambu-rambu di sekitar lokasi,,,4.254953927000031,97.17733773200001,BNPB/PU
Blangkejeren - Bts. Gayo Lues/Aceh Tenggara (023),35f80808-e51e-4347-9e13-631165009f30,39,78,Blangkejeren - Bts. Gayo Lues/Aceh Tenggara (023),Jalan,Nasional,Aceh,Gayo Lues,Tanah Longsor,Badan jalan putus,Dapat Diakses,Sedang dilakukan pembersihan,,,3.996594814000048,97.34122103300001,BNPB/PU
Bts. Gayo Lues/A. Tenggara – Kota Kutacane,bcc2be5c-60ba-40e8-94b1-14b847c75803,40,79,Bts. Gayo Lues/A. Tenggara – Kota Kutacane,Jalan,Nasional,Aceh,Gayo Lues,Banjir,Banjir di atas badan jalan,Dapat Diakses,Menurunkan alat berat untuk pembersihan sedimen,,,3.644029210000042,97.69222534300002,BNPB/PU
Kota Kutacane – Bts. Prov. Sumut,60536336-8608-4dcd-b786-fd285a1f80bd,41,67,Kota Kutacane – Bts. Prov. Sumut,Jalan,Nasional,Aceh,Aceh Tenggara,Banjir,Banjir di atas Jembatan Lawe Kuning II dan badan jalan,Dapat Diakses,Memasang rambu-rambu,,,3.445042716000046,97.85328972500002,BNPB/PU
Kota Bireuen -Bts. Bireuen/Bener Meriah,c86faa06-40c1-48ec-ba25-dd968aaf9e6e,42,71,Kota Bireuen -Bts. Bireuen/Bener Meriah,Jalan,Nasional,Aceh,Bireuen,Tanah Longsor,"Jalan terputus, gangguan akses lalu lintas kendaraan",Dapat Diakses,Kebutuhan Jembatan Bailey 30 M (belum tersedia),,,5.194108209000035,96.70241876700004,BNPB/PU
Bts. Bireuen/Bener Meriah - Bener Meriah/Aceh Tengah,3f428845-06e2-4609-bfe7-51b208a93343,43,72,Bts. Bireuen/Bener Meriah - Bener Meriah/Aceh Tengah,Jalan,Nasional,Aceh,Bener Meriah,Tanah Longsor,Kerusakan bangunan bawah (abutment) jembatan mengakibatkan gangguan akses lalu lintas kendaraan,Dapat Diakses,Tuntas,1/20/2026,,4.754296813000053,96.76764084100006,BNPB/PU
Bener Meriah/Aceh Tengah – Kota Takengon,531499af-52a6-45b0-a83e-7ae93f88f61b,44,73,Bener Meriah/Aceh Tengah – Kota Takengon,Jalan,Nasional,Aceh,Aceh Tengah,Banjir dan Tanah Longsor,Gangguan akses lalu lintas kendaraan,Dapat Diakses,Tuntas,,,4.657999925000013,96.81785848400006,BNPB/PU
Jembatan Weihni Rongka,9c2d54e3-a7ae-479c-b7e6-22b9d5f825da,45,90,Jembatan Weihni Rongka,Jembatan,Nasional,Aceh,Bener Meriah,Banjir dan Tanah Longsor,Terputus,Dapat Diakses,Memasang rambu-rambu di sekitar lokasi dan sedang dilakukan upaya memasang jembatan darurat,1/20/2026,,4.829474571000048,96.74570010600002,BNPB/PU
Jembatan Kr. Beutong,9ea850a4-47ca-4b98-8dd6-d792e6f6468b,46,84,Jembatan Kr. Beutong,Jembatan,Nasional,Aceh,Nagan Raya,Banjir dan Tanah Longsor,Terputus,Dapat Diakses,Belum Ada,12/30/2025,Sedang Dipasang,4.456040789000042,96.52623766900001,BNPB/PU
Jembatan Kr. Meureudu,5bcc29ca-e0ea-480b-9f68-d516bf813cf8,47,81,Jembatan Kr. Meureudu,Jembatan,Nasional,Aceh,Pidie Jaya,Banjir dan Tanah Longsor,Terputus,Dapat Diakses,Belum Ada,,,5.231566706000024,96.25544407900003,BNPB/PU
Jembatan Teupin Mane,35a03530-04d9-401b-aee5-194f98d43a93,48,82,Jembatan Teupin Mane,Jembatan,Nasional,Aceh,Bireuen,Banjir dan Tanah Longsor,Terputus,Dapat Diakses,Bailey 30 m (mobilisasi dari Workshop Balai Beuradeun),,Terpasang,5.1131571000000235,96.70994570000005,BNPB/PU
Jembatan Kr. Tingkeum,c54cd5e7-3eff-470f-b7c1-ca0251c91768,49,83,Jembatan Kr. Tingkeum,Jembatan,Nasional,Aceh,Aceh Besar,Banjir dan Tanah Longsor,Terputus,Dapat Diakses,Bailey 30 m (mobilisasi dari Workshop Balai Beuradeun),12/30/2025,Sedang Dipasang,5.2107816760000105,96.828137932,BNPB/PU
Jembatan Jamur Ujung,a156a16b-7a49-4fcc-a5c3-532a3c3edc67,50,92,Jembatan Jamur Ujung,Jembatan,Nasional,Aceh,Bener Meriah,Banjir dan Tanah Longsor,Terputus,Dapat Diakses,Belum Ada,,Rencana Dipasang,4.714716805000023,96.81258256700005,BNPB/PU
Jembatan Lawe Penanggalan,7652a472-7215-42ed-b98d-10b0e24fd7d2,51,88,Jembatan Lawe Penanggalan,Jembatan,Nasional,Aceh,Aceh Tenggara,Banjir dan Tanah Longsor,Terputus (Terbawa Arus),Dapat Diakses,Pemasangan Bailey,12/31/2025,Terpasang,3.6289663980000455,97.71301436100003,BNPB/PU
Jembatan Lawe Mengkudu 1,dbb8c4e9-8ad5-4517-a438-e1d896878e0b,52,89,Jembatan Lawe Mengkudu 1,Jembatan,Nasional,Aceh,Aceh Tenggara,Banjir dan Tanah Longsor,Terputus,Dapat Diakses,Pemasangan Bailey,,Terpasang,3.615363169000034,97.72853375400001,BNPB/PU
Jembatan Timang Gajah,a61ae5b4-b22f-43e3-86cc-755467d5068a,53,91,Jembatan Timang Gajah,Jembatan,Nasional,Aceh,Bener Meriah,Banjir dan Tanah Longsor,Terputus,Dapat Diakses,Sudah fungsional dengan plat baja dan kayu,1/20/2026,,4.815474074999997,96.73919130900003,BNPB/PU
Jembatan Titi Merah,7ecaa768-89d0-4f2a-b2fa-ee1928dc7a36,54,87,Jembatan Titi Merah,Jembatan,Nasional,Aceh,Aceh Tengah,Banjir dan Tanah Longsor,Terputus,Dapat Diakses,Belum Ada,1/20/2026,Terpasang,4.62797199900001,96.71283000000005,BNPB/PU
Kr. Pelang,82415c06-69a8-4bee-bf34-7c75f47c40d5,55,85,Kr. Pelang,Jembatan,Nasional,Aceh,Aceh Tengah,Banjir dan Longsor,Jembatan putus dan terguling,Dapat Diakses,Belum ada penanganan,,Terpasang,4.624754342000017,96.690341977,BNPB/PU
Jembatan Weihni Enang-Enang,2c34888d-5877-4a18-ab91-cd8560abf820,56,93,Jembatan Weihni Enang-Enang,Jembatan,Nasional,Aceh,Bener Meriah,Banjir,Kerusakan bangunan bawah (abutment) jembatan mengakibatkan gangguan akses lalu lintas kendaraan,Dapat Diakses,Memasang rambu-rambu di sekitar lokasi dan sedang dilakukan upaya memasang jembatan darurat,12/30/1899,Terpasang,4.885301120000008,96.72751926200004,BNPB/PU
Bts. Pidie Jaya/Bireuen – Kota Bireuen,09cf95da-6aa4-4a2c-8378-ac4d3d59e6a4,57,45,Bts. Pidie Jaya/Bireuen – Kota Bireuen,Jalan,Nasional,Aceh,Bireuen,Banjir,Gangguan akses lalu lintas kendaraan,Dapat Diakses,Tuntas,12/30/1899,,5.1915182250000385,96.54033339900002,BNPB/PU
Jalan Sp. Peut - Batas Nagan Raya/Abdya,2048706d-8824-4deb-961b-917c7e4f2444,58,59,Jalan Sp. Peut - Batas Nagan Raya/Abdya,Jalan,Nasional,Aceh,Nagan Raya,Banjir,Kondisi saat ini air masih menggenangi jalan yang disebabkan luapan dari Sungai Kr. Lamie; Akibat dari dari banjir ini kendaraan dari arah Tapak Tuan -Meulaboh tidak bisa dilalui.,Dapat Diakses,Tuntas,12/30/1899,,4.084084079000036,96.41014214700004,BNPB/PU
Jembatan Weihni Lampahan,325e407a-f944-44a6-a9b3-fbf8ed6f7ffc,69,94,Jembatan Weihni Lampahan,Jembatan,Nasional,Aceh,Bener Meriah,Banjir,Kerusakan pada Box Culvert Weihni Lampahan Panjang 5 Meter dengan total Panjang terdampak 50 meter menyebabkan gangguan akses lalu lintas kendaraan,Dapat Diakses,"Ditimbun menggunakan box kontainer, plat, dan timbunan​",12/30/1899,,4.758854516000042,96.76756598900005,BNPB/PU
Alue Kulus,3075ad6b-e7ee-4864-8152-29de4cedaf44,70,95,Alue Kulus,Jembatan,Nasional,Aceh,Bener Meriah,Longsor,Jembatan Terputus,Dapat Diakses,"Ditimbun menggunakan box kontainer, plat, dan timbunan​",12/30/1899,,4.898255440000014,96.74004903900004,BNPB/PU
Meureudu - Bts. Pidie Jaya/Bireuen,a2ce1608-8765-474b-a6d1-572aa70eb5af,85,44,Meureudu - Bts. Pidie Jaya/Bireuen,Jalan,Nasional,Aceh,Pidie Jaya, , ,Dapat Diakses,Tuntas,12/30/1899,,5.228793242000052,96.27802598800002,BNPB/PU
Krueng Mane - Bts. Aceh Utara/Kota Lhokseumawe,5eb7291d-a7e4-4022-8a32-b5643536d9c1,86,48,Krueng Mane - Bts. Aceh Utara/Kota Lhokseumawe,Jalan,Nasional,Aceh,Aceh Utara, , ,Dapat Diakses,Tuntas,12/30/1899,,5.22379657700003,96.97054272300005,BNPB/PU
Kota Bireuen - Bts. Bireuen/Aceh Utara,06db0920-b786-458e-b84b-5415bbd8786e,87,68,Kota Bireuen - Bts. Bireuen/Aceh Utara,Jalan,Nasional,Aceh,Bireuen, , ,Dapat Diakses,Tuntas,12/30/1899,,5.209438006000028,96.73855814400002,BNPB/PU
Kr. Rongka,15a42e58-52c0-4943-98ea-effc7b4d2e69,88,96,Kr. Rongka,Jembatan,Nasional,Aceh,Bener Meriah, , ,Dapat Diakses,Tuntas,12/30/1899,,4.83795199900004,96.743339434,BNPB/PU
Simamora II,298f02e2-f073-4bcd-aedf-fd7fb3fbcbe9,89,86,Simamora II,Jembatan,Nasional,Aceh,Aceh Tengah, , ,Dapat Diakses,Tuntas,12/30/1899,Terpasang,4.652249478000044,96.59614252800003,BNPB/PU
Genting Gerbang - Sp. Uning,48f69f29-4fc0-4468-bee5-e3c64ba94000,90,80,Genting Gerbang - Sp. Uning,Jalan,Nasional,Aceh,Aceh Tengah, , ,Dapat Diakses,Tuntas,12/30/2025,,4.63223909300001,96.71256479700003,BNPB/PU
Uwaq (KM 379) - Bts. Aceh Tengah/Gayo Lues,a822d122-9947-44d9-adf2-941e333f40bd,91,76,Uwaq (KM 379) - Bts. Aceh Tengah/Gayo Lues,Jalan,Nasional,Aceh,Aceh Tengah, , ,Dapat Diakses,Tuntas,12/30/2025,,4.331384887000013,97.13969176600006,BNPB/PU
Lhoksukon - Bts. Aceh Utara/Aceh Timur (Panton Labu),be3d9543-132b-4c22-a553-83322532ae95,92,50,Lhoksukon - Bts. Aceh Utara/Aceh Timur (Panton Labu),Jalan,Nasional,Aceh,Aceh Utara, , ,Dapat Diakses,Tuntas,12/30/1899,,5.12164387200005,97.36888510200004,BNPB/PU
Bts. Aceh Utara/Aceh Timur (Panton Labu) - Idi Rayeuk,732d5d21-9b29-4c00-be21-73a4117ef2f3,93,51,Bts. Aceh Utara/Aceh Timur (Panton Labu) - Idi Rayeuk,Jalan,Nasional,Aceh,Aceh Timur, , ,Dapat Diakses,Tuntas,12/30/1899,,5.067123477000052,97.57213078400002,BNPB/PU
Jln. Cut Nyak Dien (Kuala Simpang),d04c7710-a58e-4eba-af45-5d78562fd702,94,55,Jln. Cut Nyak Dien (Kuala Simpang),Jalan,Nasional,Aceh,Aceh Tamiang, , ,Dapat Diakses,Tuntas,12/30/1899,,4.287759207000022,98.05777800500005,BNPB/PU
Bts. Kota Banda Aceh - Bts Aceh Jaya,d1ac5047-d250-4d74-afd4-a3aff1ba4c39,95,56,Bts. Kota Banda Aceh - Bts Aceh Jaya,Jalan,Nasional,Aceh,Aceh Besar, , ,Dapat Diakses,Tuntas,12/30/1899,,5.37614443700005,95.25773474500005,BNPB/PU
Idi Rayeuk - Peureulak,e9daee57-2b86-4bd0-937e-c7b30a724bb2,96,52,Idi Rayeuk - Peureulak,Jalan,Nasional,Aceh,Aceh Timur, , ,Dapat Diakses,Tuntas,12/30/1899,,4.899750607000044,97.81657355300001,BNPB/PU
Enang-Enang,2a981607-62bc-462f-80c3-49cbc52a53f1,114,332,Enang-Enang,Jembatan,Nasional,Aceh,Aceh Tengah, , ,Dapat Diakses, ,12/30/2025,,4.5639436950000345,96.672223411,BNPB/PU
Jalan KKA Km 29,a4e9ec96-4e81-4af4-bc35-c8c890e18b6e,115,113,Jalan KKA Km 29,Jalan,Daerah,Aceh,Kab. Bener Meriah,Tanah Longsor,9223372036854775807,Dapat Diakses,9223372036854775807,,,4.820010000000025,96.91425220000002,BNPB/PU
Jalan Perlak Lokop (Bunin),01708771-202c-4695-ac79-96157b8c3ade,116,114,Jalan Perlak Lokop (Bunin),Jalan,Daerah,Aceh,Aceh Timur,9223372036854775807,9223372036854775807,Dapat Diakses,9223372036854775807,,,4.4123333,97.38407290000004,BNPB/PU
"Ruas Jln. Sp. Siompin - Keras-Bts. Sumut, Subulussalam",3fccac4b-dbc6-4415-8f24-d2bf47c379dc,117,115,"Ruas Jln. Sp. Siompin - Keras-Bts. Sumut, Subulussalam",Jalan,Daerah,Aceh,Aceh Singkil,9223372036854775807,9223372036854775807,Dapat Diakses,9223372036854775807,,,2.4923807000000124,98.0765288,BNPB/PU
Jalan Blangkejeren - Tonggra -  Batas Abdya STA 71+900,398896a8-d57d-40ed-99c3-071f55ad924a,118,116,Jalan Blangkejeren - Tonggra -  Batas Abdya STA 71+900,Jalan,Daerah,Aceh,Gayo Lues,9223372036854775807,9223372036854775807,Dapat Diakses,9223372036854775807,,,3.7324636250000367,97.61814546600004,BNPB/PU
Jalan KKA Burni Pase,f95e64dd-556e-49fa-969a-4ba62abdcb8e,119,117,Jalan KKA Burni Pase,Jalan,Daerah,Aceh,Kota Lhokseumawe,9223372036854775807,9223372036854775807,Akses Terputus,9223372036854775807,,,5.181640100000038,97.14159090000004,BNPB/PU
Ruas Jalan Gunung Kapur – Trumon,e2bb3b23-fd38-43ac-9491-b94cdc18a197,120,118,Ruas Jalan Gunung Kapur – Trumon,Jalan,Daerah,Aceh,Kab. Aceh Selatan,9223372036854775807,9223372036854775807,Akses Terputus,9223372036854775807,,,2.946388900000045,97.66111110000003,BNPB/PU
Jalan Blangkejeren – Tongra – Batas Abdya STA 31+300,f0d43c47-e896-4172-aa0a-109614aee8a8,121,119,Jalan Blangkejeren – Tongra – Batas Abdya STA 31+300,Jalan,Daerah,Aceh,Kab. Gayo Lues,9223372036854775807,9223372036854775807,Akses Terputus,9223372036854775807,,,4.0339434690000076,96.91534480000001,BNPB/PU
Jl. Krueng Geukueh – Batas Bener Meriah,01bb030c-d48e-43bd-a55e-30956ff5195f,122,120,Jl. Krueng Geukueh – Batas Bener Meriah,Jalan,Daerah,Aceh,Kab. Aceh Utara,9223372036854775807,9223372036854775807,Akses Terputus,9223372036854775807,,,4.750813047000008,96.95021050800005,BNPB/PU
Jl. Peureulak – Lokop – Batas Gayo Lues,3eb4d16c-8969-4c03-8ba4-632d3896bc3c,123,121,Jl. Peureulak – Lokop – Batas Gayo Lues,Jalan,Daerah,Aceh,Kab. Aceh Timur,9223372036854775807,9223372036854775807,Akses Terputus,9223372036854775807,,,4.623870100000033,97.67468660000003,BNPB/PU
Jl. Batas Aceh Timur – Kota Karang Baru,b77b0913-2ce9-416a-902a-f28a96e24c1e,124,122,Jl. Batas Aceh Timur – Kota Karang Baru,Jalan,Daerah,Aceh,Kab. Aceh Tamiang,9223372036854775807,9223372036854775807,Akses Terputus,9223372036854775807,,,4.3377673800000025,98.07196927900003,BNPB/PU
Jl. Batas Aceh Utara – Bandara Rembele,e780b71d-85e9-406a-9db7-089c6028f53f,125,123,Jl. Batas Aceh Utara – Bandara Rembele,Jalan,Daerah,Aceh,Kab. Bener Meriah,9223372036854775807,9223372036854775807,Akses Terputus,9223372036854775807,,,4.727934830000038,96.84907868200003,BNPB/PU
Jl. Batas Aceh Timur – Pining – Blangkejeren,7c8b8eb8-2c38-40eb-bfe5-b3c61a2d19df,126,124,Jl. Batas Aceh Timur – Pining – Blangkejeren,Jalan,Daerah,Aceh,Kab. Gayo Lues,9223372036854775807,9223372036854775807,Akses Terputus,9223372036854775807,,,3.99517800000001,97.34160510000004,BNPB/PU
Jl. Blangkejeren – Tongra – Batas Aceh Barat Daya,95b81e2a-0317-44c1-a5dd-10d0435b7af5,127,125,Jl. Blangkejeren – Tongra – Batas Aceh Barat Daya,Jalan,Daerah,Aceh,Kab. Gayo Lues,9223372036854775807,9223372036854775807,Akses Terputus,9223372036854775807,,,3.878600526000014,97.44754475200006,BNPB/PU
Jl. Batas Aceh Selatan – Rundeng,a8c28bc3-2175-4925-b715-6fd9c7f284ef,128,126,Jl. Batas Aceh Selatan – Rundeng,Jalan,Daerah,Aceh,Kota Subulussalam,9223372036854775807,9223372036854775807,Akses Terputus,9223372036854775807,,,2.6266472430000363,98.06743552200004,BNPB/PU
Jl. Trieng Gadeng – Batas Bireuen,59d8e2c3-f593-4ce1-a75d-8f08c740b94e,129,127,Jl. Trieng Gadeng – Batas Bireuen,Jalan,Daerah,Aceh,Kab. Pidie Jaya,9223372036854775807,9223372036854775807,Akses Terputus,9223372036854775807,,,5.259028000000001,96.18348860000003,BNPB/PU
Jl. Krueng Mane – Sawang – Batas Bireuen,54fff515-0f6c-4db6-b37f-6ef801659001,130,128,Jl. Krueng Mane – Sawang – Batas Bireuen,Jalan,Daerah,Aceh,Kab. Aceh Utara,9223372036854775807,9223372036854775807,Akses Terputus,9223372036854775807,,,5.194636200000048,96.8042542,BNPB/PU
Jl. Simpang Tiga Redelong – Pondok Baru – Samar Kilang,95fc23e6-1e2f-49bd-b7b2-b9039e151729,131,129,Jl. Simpang Tiga Redelong – Pondok Baru – Samar Kilang,Jalan,Daerah,Aceh,Kab. Bener Meriah,9223372036854775807,9223372036854775807,Akses Terputus,9223372036854775807,,,4.736746600000004,96.88459780000005,BNPB/PU
Bts. Pidie – Meulaboh,f6c79c7b-1074-4c05-8a9d-0014c5d80b88,132,130,Bts. Pidie – Meulaboh,Jalan,Daerah,Aceh,Kab. Aceh Barat,9223372036854775807,9223372036854775807,Akses Terputus,9223372036854775807,,,4.142881448000026,96.12831431500001,BNPB/PU
Jl. Batas Aceh Selatan – Kuala Baru – Singkil – Telaga Bakti,608b442f-11c3-4931-9215-7e460fce876b,133,131,Jl. Batas Aceh Selatan – Kuala Baru – Singkil – Telaga Bakti,Jalan,Daerah,Aceh,Kab. Aceh Singkil,9223372036854775807,9223372036854775807,Akses Terputus,9223372036854775807,,,2.3494437930000345,97.71053555900005,BNPB/PU
Jl. Simpang Siomping – Keras – Batas Sumatera Utara,8ea1f63e-f2b8-4b0f-8931-63cf866ecb42,134,132,Jl. Simpang Siomping – Keras – Batas Sumatera Utara,Jalan,Daerah,Aceh,Kab. Aceh Singkil,9223372036854775807,9223372036854775807,Akses Terputus,9223372036854775807,,,2.4936707150000075,98.08253233200003,BNPB/PU
Jembatan Keude Jangka Buya,2c85e1b2-9cb7-41ad-8cc1-8fddceaf3f56,135,133,Jembatan Keude Jangka Buya,Jembatan,Daerah,Aceh,Kab. Pidie Jaya,9223372036854775807,9223372036854775807,Akses Terputus,9223372036854775807,,,5.218475731000012,96.32540433500003,BNPB/PU
Jembatan Gantung Sawang,53582a13-0c52-4761-849f-702c6ca042a4,136,134,Jembatan Gantung Sawang,Jembatan,Daerah,Aceh,Kab. Aceh Utara,9223372036854775807,9223372036854775807,Akses Terputus,9223372036854775807,,,5.202859467000053,96.92521407700002,BNPB/PU
Jembatan Paya Dua Kec Banda Baro,dbcfcbf1-fe24-4f69-89e5-e39a5eb0c687,137,135,Jembatan Paya Dua Kec Banda Baro,Jembatan,Daerah,Aceh,Kab. Aceh Utara,9223372036854775807,9223372036854775807,Akses Terputus,9223372036854775807,,,5.227472044000024,96.99730040600002,BNPB/PU
Jembatan Lubuk Sidup,3e3d2a2a-77dc-4e57-a260-c06e1a0a79dd,138,136,Jembatan Lubuk Sidup,Jembatan,Daerah,Aceh,Kab. Aceh Tamiang,9223372036854775807,9223372036854775807,Akses Terputus,9223372036854775807,,,4.298753106000049,97.98835639200001,BNPB/PU
Jembatan STA. 7+000 (Tambahan),b363c81a-f79c-4b10-815e-cc210edc40a7,139,137,Jembatan STA. 7+000 (Tambahan),Jembatan,Daerah,Aceh,Kab. Bener Meriah,9223372036854775807,9223372036854775807,Akses Terputus,9223372036854775807,,,4.754366179000044,96.949525558,BNPB/PU
Jembatan Alur Balee Redelong,be0decb1-d3e3-4eaa-8b98-718fd9fc74b8,140,138,Jembatan Alur Balee Redelong,Jembatan,Daerah,Aceh,Kab. Bener Meriah,9223372036854775807,9223372036854775807,Akses Terputus,9223372036854775807,,,4.7425157300000365,96.85833896400004,BNPB/PU
Jembatan Gemboyah (Bailey),670c5103-17e9-4c2b-83af-641b561bd645,141,139,Jembatan Gemboyah (Bailey),Jembatan,Daerah,Aceh,Kab. Aceh Tengah,9223372036854775807,9223372036854775807,Akses Terputus,9223372036854775807,,,4.382889748000025,96.80147037200004,BNPB/PU
Jembatan Pasir Putih,eef33db6-1e41-4e1d-a3d4-a96476323eda,142,140,Jembatan Pasir Putih,Jembatan,Daerah,Aceh,Kab. Gayo Lues,9223372036854775807,9223372036854775807,Akses Terputus,9223372036854775807,,,4.15063830400004,97.583357852,BNPB/PU
Jembatan Pintu Rime,ad5d45ea-dcb3-4b2d-aaf0-a128a93b8420,143,141,Jembatan Pintu Rime,Jembatan,Daerah,Aceh,Kab. Gayo Lues,9223372036854775807,9223372036854775807,Akses Terputus,9223372036854775807,,,3.810425500000008,97.71994540000003,BNPB/PU
Jembatan Pepelah,e49e2efd-6405-44fa-b41b-95890a176e83,144,142,Jembatan Pepelah,Jembatan,Daerah,Aceh,Kab. Gayo Lues,9223372036854775807,9223372036854775807,Akses Terputus,9223372036854775807,,,4.065872163000051,97.51437538800002,BNPB/PU
Jembatan Air Putih,86f5d88e-44af-43e6-bcb0-ad26838a831b,145,143,Jembatan Air Putih,Jembatan,Daerah,Aceh,Kab. Gayo Lues,9223372036854775807,9223372036854775807,Akses Terputus,9223372036854775807,,,4.182305000000042,97.57603400000005,BNPB/PU
Jembatan Pining II,7669d0f3-4949-4d92-ac5a-445a63d6a774,146,144,Jembatan Pining II,Jembatan,Daerah,Aceh,Kab. Gayo Lues,9223372036854775807,9223372036854775807,Akses Terputus,9223372036854775807,,,3.9928933000000484,97.65481100000005,BNPB/PU
Jembatan Badak II,5e50eb84-3c00-4c4a-85d2-54ae159142b5,147,145,Jembatan Badak II,Jembatan,Daerah,Aceh,Kab. Gayo Lues,9223372036854775807,9223372036854775807,Akses Terputus,9223372036854775807,,,4.020851900000025,97.36786240000004,BNPB/PU
Box Muara Situlen,4e534c38-6f57-4bcd-b3bb-43125dfcf472,148,146,Box Muara Situlen,Jembatan,Daerah,Aceh,Kab. Aceh Tenggara,9223372036854775807,9223372036854775807,Akses Terputus,9223372036854775807,,,3.2641453130000286,97.92067291500001,BNPB/PU
Jembatan Pante Dona,03441d6d-f253-4a4f-bf04-b9acdb90f1ca,149,147,Jembatan Pante Dona,Jembatan,Daerah,Aceh,Kab. Aceh Tenggara,9223372036854775807,9223372036854775807,Akses Terputus,9223372036854775807,,,3.378397800000016,97.85670520000002,BNPB/PU
Jembatan Sarah Perlak,960253fa-4ec1-4154-abf3-fadef520cc9b,150,148,Jembatan Sarah Perlak,Jembatan,Daerah,Aceh,Kab. Aceh Barat,9223372036854775807,9223372036854775807,Akses Terputus,9223372036854775807,,,4.520171806999997,96.11920304000006,BNPB/PU
Jembatan Suak Teuben (Bailey),c5e2e964-a017-4434-8799-cf5e3cfe6b3b,151,149,Jembatan Suak Teuben (Bailey),Jembatan,Daerah,Aceh,Kab. Nagan Raya,9223372036854775807,9223372036854775807,Akses Terputus,9223372036854775807,,,4.126425260000019,96.49415748800004,BNPB/PU
Jembatan Teupin Tinggi (Bailey Suak Sigide),0853b239-8108-4ea0-a6f8-106b458bd145,152,150,Jembatan Teupin Tinggi (Bailey Suak Sigide),Jembatan,Daerah,Aceh,Kab. Nagan Raya,9223372036854775807,9223372036854775807,Akses Terputus,9223372036854775807,,,4.124005441999998,96.49000311000003,BNPB/PU
Jembatan Alue Bunot Bungkok (Bailey),e61fec05-12db-4bec-bc5c-e2b3b8f7c1cf,153,151,Jembatan Alue Bunot Bungkok (Bailey),Jembatan,Daerah,Aceh,Kab. Nagan Raya,9223372036854775807,9223372036854775807,Akses Terputus,9223372036854775807,,,4.126393138000026,96.49225161300001,BNPB/PU
Jembatan Kayu Keutapang I,a0325bae-e993-4e10-a3c0-ae074dd9dc0b,154,152,Jembatan Kayu Keutapang I,Jembatan,Daerah,Aceh,Kab. Nagan Raya,9223372036854775807,9223372036854775807,Akses Terputus,9223372036854775807,,,4.12745314700004,96.49341869400001,BNPB/PU
Jembatan Gosong Telaga 3 (Dispora),d8d4f705-409f-474c-82d1-a5d21d376315,155,153,Jembatan Gosong Telaga 3 (Dispora),Jembatan,Daerah,Aceh,Kab. Aceh Singkil,9223372036854775807,9223372036854775807,Akses Terputus,9223372036854775807,,,2.3295533000000432,97.88304500000004,BNPB/PU
Jembatan Anak Laut,656e1a5a-2e5a-4251-90f2-98cec99a4793,156,154,Jembatan Anak Laut,Jembatan,Daerah,Aceh,Kab. Aceh Singkil,9223372036854775807,9223372036854775807,Akses Terputus,9223372036854775807,,,2.2728047000000515,97.87058540000004,BNPB/PU
Jembatan Pancang III,259ad4eb-bfcb-46e7-9296-f957c2e9a8e3,157,155,Jembatan Pancang III,Jembatan,Daerah,Aceh,Kab. Aceh Singkil,9223372036854775807,9223372036854775807,Akses Terputus,9223372036854775807,,,2.3589459000000375,97.87216000000001,BNPB/PU
Jembatan Keutapang Indah II,9bf23b93-3a14-48ac-a8e5-59f7d4cf46c5,158,156,Jembatan Keutapang Indah II,Jembatan,Daerah,Aceh,Kab. Aceh Singkil,9223372036854775807,9223372036854775807,Akses Terputus,9223372036854775807,,,2.3589459000000375,97.87216000000001,BNPB/PU
Jembatan Kuala Cangkoi,95306fad-83d8-46a3-bd82-47db241c042b,159,157,Jembatan Kuala Cangkoi,Jembatan,Daerah,Aceh,Kab. Aceh Singkil,9223372036854775807,9223372036854775807,Akses Terputus,9223372036854775807,,,5.171585400000026,97.30036040000005,BNPB/PU
Jembatan Suak Ie Mameh,e29253d5-e318-4f6e-98d3-acf6d2705419,160,158,Jembatan Suak Ie Mameh,Jembatan,Daerah,Aceh,Kab. Aceh Singkil,9223372036854775807,9223372036854775807,Akses Terputus,9223372036854775807,,,3.7602538000000436,96.78420150000005,BNPB/PU
Jembatan Kuala Siron,e4773630-17c8-4234-ad0f-2e6cb9b9f25b,161,159,Jembatan Kuala Siron,Jembatan,Daerah,Aceh,Kab. Aceh Singkil,9223372036854775807,9223372036854775807,Akses Terputus,9223372036854775807,,,2.3589459000000375,97.87216000000001,BNPB/PU
Jembatan Gosong Telaga Singkil I,fded17d9-2b18-419e-a873-7c87b5129a28,162,160,Jembatan Gosong Telaga Singkil I,Jembatan,Daerah,Aceh,Kab. Aceh Singkil,9223372036854775807,9223372036854775807,Akses Terputus,9223372036854775807,,,2.3295533000000432,97.88304500000004,BNPB/PU
Jembatan Kiniko (Gosong Telaga Barat),7b76c1cc-f89a-4e8a-86cc-fb76b6aa8a88,163,161,Jembatan Kiniko (Gosong Telaga Barat),Jembatan,Daerah,Aceh,Kab. Aceh Singkil,9223372036854775807,9223372036854775807,Akses Terputus,9223372036854775807,,,2.27466290000001,97.87849590000002,BNPB/PU
Jembatan Pada Jalan Lipat Kajang Singkil I,350a7d18-cfea-49ad-949e-095e021b1eff,164,162,Jembatan Pada Jalan Lipat Kajang Singkil I,Jembatan,Daerah,Aceh,Kab. Aceh Singkil,9223372036854775807,9223372036854775807,Akses Terputus,9223372036854775807,,,2.4426931000000423,97.98789770000002,BNPB/PU
Jembatan Kayu Keutapang II,525b2bf4-b168-4543-b8f3-6c09b64027e5,165,163,Jembatan Kayu Keutapang II,Jembatan,Daerah,Aceh,Kab. Nagan Raya,9223372036854775807,9223372036854775807,Akses Terputus,9223372036854775807,,,4.126039802000037,96.48897522200002,BNPB/PU
Jembatan Wak Rage,d592a731-8a32-4b8e-856e-fb088a57fdd5,166,164,Jembatan Wak Rage,Jembatan,Daerah,Aceh,Kab. Nagan Raya,9223372036854775807,9223372036854775807,Akses Terputus,9223372036854775807,,,4.127538804000039,96.49123443300005,BNPB/PU
Jembatan Kuala Suak Muling,5112907c-8309-49d5-a6e8-6113b7e9bc0a,167,165,Jembatan Kuala Suak Muling,Jembatan,Daerah,Aceh,Kab. Nagan Raya,9223372036854775807,9223372036854775807,Akses Terputus,9223372036854775807,,,4.119149500000049,96.29322670000005,BNPB/PU
Jembatan Bally Manok Bungkok,00787eed-03a3-4ea1-8cb8-6fe3ed39cc2a,168,166,Jembatan Bally Manok Bungkok,Jembatan,Daerah,Aceh,Kab. Nagan Raya,9223372036854775807,9223372036854775807,Akses Terputus,9223372036854775807,,,4.1278493120000235,96.48887885800002,BNPB/PU
Jembatan Suak Aron,356035a0-5b64-4a16-a901-2ec776701270,169,167,Jembatan Suak Aron,Jembatan,Daerah,Aceh,Kab. Nagan Raya,9223372036854775807,9223372036854775807,Akses Terputus,9223372036854775807,,,4.124915550000026,96.49538881100005,BNPB/PU
Jembatan Bally Suak Ameh,e16b420c-b057-4f68-a600-1e9aa9b8b75a,170,168,Jembatan Bally Suak Ameh,Jembatan,Daerah,Aceh,Kab. Nagan Raya,9223372036854775807,9223372036854775807,Akses Terputus,9223372036854775807,,,4.124251706000052,96.49397546600005,BNPB/PU
Jembatan Bally Suak Ameh Rayeuk,fdf69a3d-eaf3-4fc5-af30-877931710c1c,171,169,Jembatan Bally Suak Ameh Rayeuk,Jembatan,Daerah,Aceh,Kab. Nagan Raya,9223372036854775807,9223372036854775807,Akses Terputus,9223372036854775807,,,4.123994734000007,96.49191969100002,BNPB/PU
Jembatan Rubek Bayeuk I,b32212c5-b76b-43f2-9dea-9ba1d14ddc7f,172,170,Jembatan Rubek Bayeuk I,Jembatan,Daerah,Aceh,Kab. Nagan Raya,9223372036854775807,9223372036854775807,Akses Terputus,9223372036854775807,,,4.122827654000048,96.49331162200002,BNPB/PU
Jembatan Rubek Bayeuk II,467cd2cb-895d-4cb2-abd7-32703004a041,173,171,Jembatan Rubek Bayeuk II,Jembatan,Daerah,Aceh,Kab. Nagan Raya,9223372036854775807,9223372036854775807,Akses Terputus,9223372036854775807,,,4.123073919000035,96.49225161300001,BNPB/PU
Jembatan Ie Rot I,36f8494e-3f43-4102-970e-b413cd5e716f,174,172,Jembatan Ie Rot I,Jembatan,Daerah,Aceh,Kab. Nagan Raya,9223372036854775807,9223372036854775807,Akses Terputus,9223372036854775807,,,4.124990500000024,96.49398617300005,BNPB/PU
Jembatan Ie Rot II,11ba139e-274c-4b06-bd65-299cebd42eb0,175,173,Jembatan Ie Rot II,Jembatan,Daerah,Aceh,Kab. Nagan Raya,9223372036854775807,9223372036854775807,Akses Terputus,9223372036854775807,,,4.123106040000039,96.49432880200004,BNPB/PU
Jembatan Ruas Teupin Reudeup,2b17d92f-1095-4d97-9f17-f08ef5cd3304,332,330,Jembatan Ruas Teupin Reudeup,Jembatan,Daerah,Aceh,Bireun, , ,Akses Terputus, ,12/30/1899,,5.142849069000022,96.78894135700006,BNPB/PU
